Symbol,Buy Time,Buy Price,Sell Time,Sell Price,Profit per Share,ROC (%)
AME,2025-02-28 17:56:00,186.6875,2025-02-28 19:45:00,187.74000549316406,1.0525054931640625,0.5637793066831269
GRX,,,,,,
PTPI,,,,,,
CAPNR,,,,,,
THC,,,,,,
SNSE,,,,,,
OMEX,,,,,,
CBL,,,,,,
USGOW,,,,,,
DAO,2025-02-28 18:23:00,9.045000076293945,2025-02-28 21:00:00,9.0,-0.04500007629394531,-0.49751327710749366
UAA,2025-02-28 18:14:00,6.795000076293945,2025-02-28 21:00:00,6.81,0.014999923706054297,0.22074942660244076
OXSQZ,,,,,,
FAF,2025-02-28 18:00:00,64.73999786376953,2025-02-28 20:21:00,64.96499633789062,0.22499847412109375,0.3475416767769307
FRMEP,,,,,,
YCBD,,,,,,
LDOS,,,,,,
BIDU,2025-02-28 18:08:00,85.75,2025-02-28 21:00:00,86.26,0.5100000000000051,0.5947521865889273
SFIX,2025-02-28 17:57:00,4.644999980926514,2025-02-28 21:00:00,4.73,0.08500001907348675,1.829925068299618
JANX,,,,,,
CAPL,,,,,,
MSA,,,,,,
VREX,,,,,,
COOP,2025-02-28 17:07:00,111.4000015258789,2025-02-28 21:00:00,112.37,0.9699984741210983,0.8707347045195163
MTEKW,,,,,,
MPC,,,,,,
DCOMP,,,,,,
FAASW,,,,,,
MKFG,,,,,,
SSBI,,,,,,
ACLX,2025-02-28 18:12:00,62.6349983215332,2025-02-28 19:47:00,64.38500213623047,1.7500038146972656,2.7939712007554
NAOV,,,,,,
OCEA,,,,,,
LRCX,2025-02-28 18:07:00,76.04000091552734,2025-02-28 21:00:00,76.74,0.6999990844726511,0.9205669069497756
LUMN,,,,,,
GGROW,,,,,,
CWAN,,,,,,
LZM,,,,,,
MPA,,,,,,
EVTV,,,,,,
EME,2025-02-28 18:14:00,401.1400146484375,2025-02-28 21:00:00,408.91,7.769985351562525,1.9369758856822614
HTLD,,,,,,
TPIC,2025-02-28 17:45:00,1.184999942779541,2025-02-28 21:00:00,1.12,-0.06499994277954091,-5.485227503646689
MS^F,,,,,,
EDTK,,,,,,
GLOP^B,,,,,,
LAES,2025-02-28 18:15:00,2.8399999141693115,2025-02-28 18:53:00,2.910099983215332,0.07010006904602051,2.4683123649503522
HAE,,,,,,
DDC,,,,,,
AWX,,,,,,
EXOD,,,,,,
DXC,2025-02-28 18:53:00,18.18000030517578,2025-02-28 21:00:00,18.37,0.18999969482421974,1.0451028142729322
CHY,,,,,,
MSGS,,,,,,
PEGA,,,,,,
PCM,,,,,,
TRI,,,,,,
UNM,,,,,,
NECB,,,,,,
YJ,,,,,,
KWESW,,,,,,
HUBB,,,,,,
STRW,,,,,,
BGB,,,,,,
NIC,,,,,,
LSE,,,,,,
BCAB,2025-02-28 18:23:00,0.3199999928474426,2025-02-28 21:00:00,0.3258,0.0058000071525573516,1.8125022756867553
WW,2025-02-28 19:54:00,0.6323000192642212,2025-02-28 21:00:00,0.64,0.007699980735778822,1.2177732881835017
BLACU,,,,,,
TFSL,,,,,,
ABLV,,,,,,
MTUS,2025-02-28 14:56:00,14.270000457763672,2025-02-28 21:00:00,14.41,0.13999954223632827,0.9810759477597686
CELZ,,,,,,
DSM,,,,,,
NVX,,,,,,
MC,,,,,,
DDD,2025-02-28 14:30:00,3.3712000846862793,2025-02-28 19:55:00,3.4251999855041504,0.053999900817871094,1.6018005298221945
SYPR,,,,,,
SXTC,,,,,,
PKBK,,,,,,
SYTA,,,,,,
DXPE,,,,,,
EXPD,2025-02-28 16:32:00,117.1500015258789,2025-02-28 21:00:00,117.36,0.20999847412109318,0.17925605752100965
BDC,,,,,,
YYAI,,,,,,
NWL,2025-02-28 18:06:00,6.355000019073486,2025-02-28 21:00:00,6.42,0.0649999809265136,1.0228163765763472
PHVS,,,,,,
MKTX,2025-02-28 19:06:00,190.14999389648438,2025-02-28 20:11:00,192.3249969482422,2.1750030517578125,1.1438354570454843
ANGH,,,,,,
PEBO,,,,,,
HUBS,,,,,,
ISPO,,,,,,
VBNK,,,,,,
EICA,,,,,,
ARCB,2025-02-28 17:27:00,79.2300033569336,2025-02-28 21:00:00,78.77,-0.46000335693359773,-0.5805923733983306
CHMG,,,,,,
FCNCP,,,,,,
YCBD^A,,,,,,
STBX,,,,,,
OAKUR,,,,,,
RFL,,,,,,
SFWL,,,,,,
SBFMW,,,,,,
KTH,,,,,,
NRK,,,,,,
WRAP,,,,,,
ALL^J,,,,,,
MLGO,2025-02-28 15:53:00,4.431099891662598,2025-02-28 21:00:00,4.17,-0.2610998916625977,-5.892439756410686
RKDA,,,,,,
FERG,2025-02-28 18:15:00,174.7050018310547,2025-02-28 21:00:00,177.5,2.7949981689453125,1.5998386649789025
STRR,,,,,,
LPRO,2025-02-28 17:56:00,4.875,2025-02-28 21:00:00,4.88,0.004999999999999893,0.10256410256410037
BGR,,,,,,
AIRG,,,,,,
HUMAW,,,,,,
MDBH,,,,,,
MNTK,2025-02-28 15:47:00,3.555000066757202,2025-02-28 21:00:00,3.43,-0.125000066757202,-3.516176214061916
MHNC,,,,,,
CNK,2025-02-28 16:35:00,25.454999923706055,2025-02-28 21:00:00,25.61,0.15500007629394474,0.6089179994441654
SBFM,,,,,,
NXG,,,,,,
BTBDW,,,,,,
SCCO,2025-02-28 19:15:00,87.6449966430664,2025-02-28 21:00:00,88.93,1.2850033569336006,1.4661457084273357
MIRM,,,,,,
SAMG,,,,,,
KTN,,,,,,
UPBD,2025-02-28 19:10:00,25.719999313354492,2025-02-28 21:00:00,25.82,0.1000006866455081,0.3888051684106583
ERNA,,,,,,
SOC,2025-02-28 18:22:00,27.729999542236328,2025-02-28 21:00:00,28.369,0.6390004577636716,2.3043651940577656
ELP,2025-02-28 16:55:00,6.675000190734863,2025-02-28 20:22:00,6.670000076293945,-0.005000114440917969,-0.07490807937141791
SHLT,,,,,,
FCRX,,,,,,
COGT,2025-02-28 18:07:00,7.289999961853027,2025-02-28 21:00:00,7.5289,0.2389000381469728,3.2770924471479335
CWH,2025-02-28 17:55:00,19.489999771118164,2025-02-28 21:00:00,19.49,2.2888183437430598e-07,1.1743552440338216e-06
HSPOR,,,,,,
HVT,2025-02-28 16:07:00,22.329999923706055,2025-02-28 21:00:00,22.83,0.5000000762939436,2.2391405194906953
STSSW,,,,,,
PALI,,,,,,
JRS,2025-02-28 19:14:00,8.75,2025-02-28 21:00:00,8.85,0.09999999999999964,1.1428571428571388
IPXXW,,,,,,
NKTX,2025-02-28 18:23:00,1.7050000429153442,2025-02-28 19:58:00,1.736799955368042,0.031799912452697754,1.8650974576120094
BIIB,2025-02-28 14:58:00,140.0,2025-02-28 17:45:00,139.60499572753906,-0.3950042724609375,-0.2821459089006696
GOOGL,2025-02-28 18:00:00,167.8800048828125,2025-02-28 21:00:00,170.2,2.3199951171874886,1.3819365318740284
MRTN,,,,,,
XOMAO,,,,,,
GIGM,,,,,,
MS^I,,,,,,
HBCP,,,,,,
CTO^A,,,,,,
RCEL,,,,,,
CVGI,,,,,,
RIOT,,,,,,
COEPW,,,,,,
CYD,2025-02-28 18:32:00,18.896799087524414,2025-02-28 21:00:00,19.12,0.22320091247558693,1.1811572501871137
IMRX,,,,,,
PBI^B,,,,,,
WWD,,,,,,
ADUR,,,,,,
RVMD,,,,,,
RGC,,,,,,
HFWA,,,,,,
THCH,,,,,,
ACT,2025-02-28 16:00:00,33.935001373291016,2025-02-28 21:00:00,34.38,0.44499862670898693,1.3113263848553396
EA,2025-02-28 16:28:00,129.02999877929688,2025-02-28 20:46:00,129.07000732421875,0.040008544921875,0.031007165233186418
OMI,2025-02-28 19:12:00,9.289999961853027,2025-02-28 19:59:00,9.600000381469727,0.3100004196166992,3.3369259514492517
WOK,,,,,,
TV,2025-02-28 18:17:00,1.9149999618530273,2025-02-28 21:00:00,1.95,0.03500003814697261,1.827678268625407
DMLP,,,,,,
NATH,,,,,,
PRIF^D,,,,,,
VVPR,,,,,,
LPTH,,,,,,
PRQR,,,,,,
CIM^B,,,,,,
OPAD,,,,,,
PANW,2025-02-28 18:05:00,188.7550048828125,2025-02-28 21:00:00,191.0,2.2449951171875,1.189369849335276
UROY,2025-02-28 14:46:00,1.975000023841858,2025-02-28 18:54:00,2.015000104904175,0.040000081062316895,2.0253205356679924
TTOO,,,,,,
ALIT,,,,,,
LXRX,,,,,,
FRD,,,,,,
TSQ,,,,,,
OPOF,,,,,,
BW,2025-02-28 17:56:00,1.0950000286102295,2025-02-28 21:00:00,1.08,-0.015000028610229421,-1.3698655907130348
PMX,,,,,,
NHTC,,,,,,
ZH,2025-02-28 17:29:00,5.105000019073486,2025-02-28 18:51:00,5.085000038146973,-0.019999980926513672,-0.3917723967049759
PRTG,,,,,,
MRVL,2025-02-28 17:55:00,89.7300033569336,2025-02-28 19:47:00,90.91000366210938,1.1800003051757812,1.3150565708572446
IQI,,,,,,
BSLK,,,,,,
MTEN,,,,,,
CSBR,,,,,,
BCML,,,,,,
BBSI,,,,,,
VHI,,,,,,
RITM^C,,,,,,
LIND,2025-02-28 18:14:00,10.8149995803833,2025-02-28 21:00:00,11.1711,0.35610041961669836,3.292653106178647
FTHY,,,,,,
ADCT,2025-02-28 15:14:00,1.565000057220459,2025-02-28 16:55:00,1.6549999713897705,0.08999991416931152,5.75079302739178
CNCKW,,,,,,
HTFC,,,,,,
LVWR,,,,,,
ARLP,,,,,,
IBKR,,,,,,
USAS,,,,,,
MITT^C,,,,,,
FBNC,,,,,,
TFSA,,,,,,
SABSW,,,,,,
IFS,2025-02-28 19:58:00,31.69499969482422,2025-02-28 21:00:00,32.04,0.3450003051757804,1.0885007367017543
GDSTR,,,,,,
JNVR,,,,,,
SNES,,,,,,
SDIG,,,,,,
NSA^B,,,,,,
BRTX,,,,,,
BWLP,2025-02-28 16:41:00,11.460000038146973,2025-02-28 21:00:00,11.34,-0.1200000381469728,-1.0471207482332279
WGS,,,,,,
CEE,,,,,,
SNCRL,,,,,,
AMAL,,,,,,
SAR,2025-02-28 18:38:00,25.770000457763672,2025-02-28 21:00:00,26.0,0.22999954223632812,0.8925088791259089
DRI,,,,,,
GTX,2025-02-28 17:19:00,9.645000457763672,2025-02-28 21:00:00,9.66,0.014999542236328267,0.15551624182925256
ECCX,,,,,,
ARR,2025-02-28 18:08:00,19.03499984741211,2025-02-28 21:00:00,19.05,0.015000152587891336,0.07880300871098074
CGBS,,,,,,
BODI,,,,,,
MTRN,,,,,,
CCEL,,,,,,
CCL,2025-02-28 18:11:00,23.424999237060547,2025-02-28 19:55:00,23.65999984741211,0.2350006103515625,1.0032043458074889
WIX,,,,,,
GME,,,,,,
YYGH,,,,,,
HURC,,,,,,
CLEU,2025-02-28 14:48:00,0.05139999836683273,2025-02-28 16:25:00,0.04960000142455101,-0.001799996942281723,-3.5019396876931044
FGL,,,,,,
ABVE,,,,,,
SNCY,,,,,,
DVAX,,,,,,
RIGL,,,,,,
SWVL,,,,,,
SHW,2025-02-28 18:02:00,358.5450134277344,2025-02-28 20:15:00,360.55999755859375,2.014984130859375,0.5619891660452558
EVO,2025-02-28 19:35:00,4.239999771118164,2025-02-28 21:00:00,4.22,-0.01999977111816431,-0.4716927405137575
WYNN,2025-02-28 18:12:00,88.5,2025-02-28 19:53:00,88.80989837646484,0.30989837646484375,0.3501676570224223
QIPT,,,,,,
SITM,2025-02-28 18:23:00,149.9499969482422,2025-02-28 20:23:00,154.0399932861328,4.089996337890625,2.7275734719103446
CATX,,,,,,
MEI,,,,,,
VCEL,,,,,,
THRY,,,,,,
SII,,,,,,
PLYA,,,,,,
BAERW,,,,,,
TPTA,,,,,,
IOBT,,,,,,
CINT,,,,,,
C^N,,,,,,
BTCT,,,,,,
MKZR,,,,,,
OS,2025-02-28 20:26:00,22.920000076293945,2025-02-28 21:00:00,23.3,0.3799999237060554,1.6579403247868556
SKM,2025-02-28 17:53:00,21.809999465942383,2025-02-28 21:00:00,21.89,0.08000053405761776,0.3668066759127774
RILYZ,,,,,,
COLL,2025-02-28 15:36:00,29.829999923706055,2025-02-28 19:41:00,29.3799991607666,-0.4500007629394531,-1.5085510026496352
ARQQ,,,,,,
SMID,,,,,,
SVCO,2025-02-28 18:34:00,6.110000133514404,2025-02-28 21:00:00,6.19,0.0799998664855961,1.3093267551138508
IHT,,,,,,
AREB,,,,,,
KEY,,,,,,
SWK,2025-02-28 18:08:00,86.08499908447266,2025-02-28 21:00:00,86.53,0.4450009155273449,0.5169320093628377
TRSG,,,,,,
RPM,,,,,,
RBRK,2025-02-28 18:18:00,63.25,2025-02-28 19:50:00,64.37000274658203,1.1200027465820312,1.7707553305644763
FLEX,,,,,,
PBH,2025-02-28 20:31:00,84.23999786376953,2025-02-28 21:00:00,84.75,0.5100021362304688,0.6054156566518786
SCCF,,,,,,
IHG,,,,,,
UGI,,,,,,
HUN,2025-02-28 17:09:00,16.94499969482422,2025-02-28 21:00:00,16.93,-0.014999694824219034,-0.08851988842939094
AMG,,,,,,
KDLY,2025-02-28 16:52:00,1.6832000017166138,2025-02-28 21:00:00,1.68,-0.0032000017166138317,-0.19011417023231378
MRNOW,,,,,,
VNT,2025-02-28 17:55:00,36.95500183105469,2025-02-28 20:16:00,37.11000061035156,0.154998779296875,0.4194257113163601
GECC,,,,,,
ADXN,,,,,,
MS^L,,,,,,
ADV,,,,,,
REI,,,,,,
NSIT,,,,,,
HQL,,,,,,
AUST,2025-02-28 15:47:00,1.1800999641418457,2025-02-28 21:00:00,1.24,0.05990003585815429,5.075844223223315
GDDY,2025-02-28 18:23:00,176.25999450683594,2025-02-28 21:00:00,179.5,3.2400054931640625,1.838196751468981
AYRO,,,,,,
AFJKU,,,,,,
DPG,,,,,,
HPS,,,,,,
BPOP,,,,,,
BCGWW,,,,,,
SOR,,,,,,
TMQ,2025-02-28 14:54:00,1.409999966621399,2025-02-28 21:00:00,1.43,0.020000033378601012,1.4184421171671737
VNDA,,,,,,
METCL,,,,,,
DESP,2025-02-28 19:44:00,19.180999755859375,2025-02-28 21:00:00,19.22,0.03900024414062386,0.2033274836402109
IMAX,,,,,,
KHC,2025-02-28 15:25:00,30.635000228881836,2025-02-28 21:00:00,30.6001,-0.03490022888183475,-0.11392273093222233
YGMZ,,,,,,
FTFT,,,,,,
AUDC,,,,,,
GNE,,,,,,
JHI,,,,,,
INUV,,,,,,
BRCC,,,,,,
GAINI,,,,,,
FIX,,,,,,
ZTR,,,,,,
WLYB,,,,,,
GLSTU,,,,,,
PLL,,,,,,
NXDT^A,,,,,,
TMHC,2025-02-28 18:27:00,60.93000030517578,2025-02-28 21:00:00,61.64,0.7099996948242193,1.1652711164747975
CMBM,,,,,,
BRAG,,,,,,
QETA,,,,,,
ZBRA,2025-02-28 18:10:00,308.739990234375,2025-02-28 19:52:00,310.6499938964844,1.910003662109375,0.6186447245332315
HES,2025-02-28 16:42:00,147.19000244140625,2025-02-28 18:48:00,148.25999450683594,1.0699920654296875,0.7269461564521901
PVH,2025-02-28 18:10:00,74.72000122070312,2025-02-28 21:00:00,74.84,0.11999877929687841,0.1605979354074604
VRTS,,,,,,
SNY,2025-02-28 19:12:00,54.119998931884766,2025-02-28 19:55:00,54.255001068115234,0.13500213623046875,0.2494496284088659
MUR,2025-02-28 16:47:00,26.389999389648438,2025-02-28 21:00:00,26.49,0.10000061035156094,0.37893373499200045
MAIA,,,,,,
EHGO,,,,,,
IBEX,,,,,,
FLNT,,,,,,
PYXS,,,,,,
KITTW,,,,,,
AUBN,,,,,,
FINW,,,,,,
INZY,,,,,,
DHF,,,,,,
HAIN,2025-02-28 15:32:00,3.6050000190734863,2025-02-28 21:00:00,3.58,-0.025000019073486257,-0.6934818014206685
BNAI,2025-02-28 15:07:00,0.3693000078201294,2025-02-28 21:00:00,0.389,0.019699992179870618,5.334414233065941
IMUX,,,,,,
TDC,2025-02-28 18:11:00,23.344999313354492,2025-02-28 21:00:00,23.84,0.49500068664550767,2.1203713908971626
TM,,,,,,
CRAI,,,,,,
AKO/B,,,,,,
CZR,2025-02-28 18:04:00,33.04499816894531,2025-02-28 21:00:00,33.22,0.17500183105468636,0.5295864450043994
BCS,,,,,,
JPM^C,,,,,,
LGIH,,,,,,
LOGC,2025-02-28 16:02:00,8.260000228881836,2025-02-28 21:00:00,8.19,-0.07000022888183643,-0.8474603746023435
NVR,,,,,,
SKYX,,,,,,
BEEP,,,,,,
BAC^B,,,,,,
SILA,,,,,,
SAN,2025-02-28 19:09:00,6.34499979019165,2025-02-28 21:00:00,6.4,0.055000209808349965,0.8668276064149197
RGTI,2025-02-28 18:05:00,8.289999961853027,2025-02-28 18:52:00,8.439900398254395,0.1499004364013672,1.80820792631054
SGN,2025-02-28 16:01:00,1.2200000286102295,2025-02-28 21:00:00,1.28,0.059999971389770534,4.918030326451703
ZURA,,,,,,
AITR,,,,,,
LEA,2025-02-28 16:48:00,95.5,2025-02-28 21:00:00,93.99,-1.5100000000000051,-1.5811518324607383
SOHOB,,,,,,
FCNCO,,,,,,
WBS^F,,,,,,
LLYVK,2025-02-28 18:14:00,71.87999725341797,2025-02-28 20:03:00,72.6449966430664,0.7649993896484375,1.0642729811902725
ADSK,2025-02-28 17:57:00,268.4649963378906,2025-02-28 21:00:00,274.21,5.7450036621093545,2.139945147589625
OPP^B,,,,,,
LFMD,2025-02-28 18:04:00,4.980000019073486,2025-02-28 18:53:00,5.059999942779541,0.07999992370605469,1.6064241646516784
TOST,2025-02-28 18:09:00,37.505001068115234,2025-02-28 19:46:00,38.060001373291016,0.5550003051757812,1.47980346452413
ALGN,2025-02-28 16:36:00,185.00999450683594,2025-02-28 20:44:00,185.99000549316406,0.980010986328125,0.5297070512003689
USAC,,,,,,
HSPOU,,,,,,
BMA,,,,,,
AGYS,2025-02-28 18:12:00,78.7344970703125,2025-02-28 21:00:00,80.99,2.255502929687495,2.864694655600907
TROO,,,,,,
DMAC,,,,,,
ICU,,,,,,
PTLE,,,,,,
TRNO,2025-02-28 17:51:00,67.37999725341797,2025-02-28 19:48:00,67.79499816894531,0.41500091552734375,0.6159111493675403
TTNP,,,,,,
LSTR,2025-02-28 18:03:00,157.11500549316406,2025-02-28 21:00:00,158.8,1.6849945068359489,1.0724593119205674
RELI,,,,,,
LSH,,,,,,
CLRCW,,,,,,
GRCE,,,,,,
HURA,2025-02-28 18:40:00,2.3450000286102295,2025-02-28 21:00:00,2.41,0.06499997138977065,2.7718537567904873
BUSE,,,,,,
WSR,,,,,,
PG,2025-02-28 15:30:00,172.58999633789062,2025-02-28 20:00:00,173.02999877929688,0.44000244140625,0.25494087185958836
HNW,,,,,,
KMDA,,,,,,
BCYC,,,,,,
JMSB,,,,,,
ENO,,,,,,
HFFG,,,,,,
NTGR,,,,,,
FPF,,,,,,
VLYPN,,,,,,
VHC,,,,,,
ANY,,,,,,
BYRN,,,,,,
WETH,,,,,,
OSUR,,,,,,
TBLAW,,,,,,
ARTV,,,,,,
HVII,,,,,,
NLY^I,,,,,,
STLA,2025-02-28 17:03:00,12.850000381469727,2025-02-28 21:00:00,12.72,-0.13000038146972592,-1.0116760903539916
CHR,,,,,,
RLGT,,,,,,
DFLIW,,,,,,
RPD,2025-02-28 16:41:00,28.9950008392334,2025-02-28 19:53:00,28.909299850463867,-0.08570098876953125,-0.29557160299705343
FMAO,,,,,,
CFFI,,,,,,
SLAB,,,,,,
RSVR,,,,,,
PFC,2025-02-28 18:30:00,27.799999237060547,2025-02-28 21:00:00,28.04,0.24000076293945227,0.8633121205971261
TMC,,,,,,
RYAN,2025-02-28 17:51:00,68.79000091552734,2025-02-28 19:26:00,69.0999984741211,0.30999755859375,0.45064334128214417
PCAR,,,,,,
CTS,2025-02-28 18:29:00,44.15999984741211,2025-02-28 21:00:00,44.66,0.5000001525878872,1.1322467262580584
COF^J,,,,,,
UMBFP,,,,,,
IVT,,,,,,
BNZIW,,,,,,
XOS,,,,,,
ZYME,,,,,,
APGE,2025-02-28 18:06:00,30.420000076293945,2025-02-28 21:00:00,32.73,2.3099999237060516,7.593688093072082
EIM,,,,,,
EFSC,,,,,,
QSIAW,,,,,,
LTBR,2025-02-28 16:33:00,10.797200202941895,2025-02-28 18:50:00,10.779899597167969,-0.01730060577392578,-0.16023233290804328
SMBK,,,,,,
ONBPO,,,,,,
MMM,,,,,,
CMU,,,,,,
CCM,,,,,,
PET,,,,,,
GVA,,,,,,
FRSH,2025-02-28 17:55:00,16.895000457763672,2025-02-28 21:00:00,17.06,0.16499954223632685,0.9766175659409673
IMAB,,,,,,
IRMD,,,,,,
RQI,,,,,,
DAVEW,,,,,,
GBTG,2025-02-28 17:12:00,8.119999885559082,2025-02-28 18:46:00,8.154999732971191,0.034999847412109375,0.4310326096722543
AGRI,,,,,,
ACR^C,,,,,,
HYMC,,,,,,
CREV,,,,,,
AVXL,2025-02-28 18:00:00,7.880000114440918,2025-02-28 21:00:00,7.91,0.029999885559082173,0.3807092020735415
CLDT^A,,,,,,
WDFC,,,,,,
ENFY,,,,,,
NAZ,,,,,,
ARES,2025-02-28 17:14:00,168.0399932861328,2025-02-28 21:00:00,170.94,2.9000067138671852,1.7257836406415181
CASH,,,,,,
BETRW,,,,,,
IIPR,2025-02-28 18:02:00,72.30000305175781,2025-02-28 21:00:00,71.95,-0.35000305175780966,-0.48409825309032284
FTF,2025-02-28 19:07:00,6.539999961853027,2025-02-28 21:00:00,6.55,0.010000038146972479,0.152905782955679
AWF,,,,,,
MMU,2025-02-28 17:27:00,10.470000267028809,2025-02-28 21:00:00,10.52,0.04999973297119098,0.47755235621765624
WSBC,2025-02-28 18:27:00,34.7599983215332,2025-02-28 21:00:00,35.07,0.31000167846679716,0.8918345610930498
ELLO,,,,,,
WLDSW,,,,,,
MNDO,,,,,,
AAM,,,,,,
TSE,,,,,,
UNMA,,,,,,
ABNB,2025-02-28 18:10:00,138.53759765625,2025-02-28 19:52:00,138.6699981689453,0.1324005126953125,0.0955700942814345
SNN,2025-02-28 15:24:00,28.8700008392334,2025-02-28 20:22:00,28.969999313354492,0.09999847412109375,0.34637503018427024
FACTU,,,,,,
ENVX,2025-02-28 18:07:00,8.595000267028809,2025-02-28 20:00:00,8.8100004196167,0.21500015258789062,2.501456031509975
CTOS,,,,,,
HAL,2025-02-28 18:01:00,26.010000228881836,2025-02-28 18:54:00,26.360000610351562,0.35000038146972656,1.345637748519055
FSUN,,,,,,
PRE,,,,,,
BRBR,2025-02-28 18:06:00,71.18000030517578,2025-02-28 19:58:00,72.38999938964844,1.2099990844726562,1.6999144131566863
CARG,2025-02-28 18:08:00,31.399999618530273,2025-02-28 19:56:00,31.81999969482422,0.4200000762939453,1.337579877058623
GAINZ,,,,,,
RVSN,,,,,,
MBAVW,,,,,,
EURKR,,,,,,
APPF,2025-02-28 19:03:00,212.58999633789062,2025-02-28 21:00:00,214.5,1.910003662109375,0.8984447504639939
TLYS,,,,,,
EDN,,,,,,
UBER,,,,,,
NVCR,2025-02-28 14:57:00,17.899999618530273,2025-02-28 15:55:00,18.56999969482422,0.6700000762939453,3.7430172657677265
KTOS,,,,,,
AEFC,,,,,,
ZS,,,,,,
MUX,2025-02-28 14:41:00,6.715000152587891,2025-02-28 15:39:00,6.900000095367432,0.18499994277954102,2.7550251463247397
BF/A,,,,,,
FF,2025-02-28 18:15:00,4.485000133514404,2025-02-28 21:00:00,4.52,0.03499986648559528,0.7803760411077113
ALG,2025-02-28 16:41:00,174.24000549316406,2025-02-28 21:00:00,174.98,0.7399945068359273,0.42469839503360174
TEO,,,,,,
ALEC,2025-02-28 17:53:00,1.6200000047683716,2025-02-28 19:51:00,1.6649999618530273,0.04499995708465576,2.777775120506242
FREY,2025-02-28 18:22:00,1.524399995803833,2025-02-28 21:00:00,1.53,0.005600004196167019,0.3673579251890561
CMC,2025-02-28 18:05:00,48.79999923706055,2025-02-28 21:00:00,48.44,-0.35999923706054915,-0.7377033661655311
RITM^D,,,,,,
WEC,,,,,,
LSBK,,,,,,
LSF,,,,,,
ANG^B,,,,,,
IOSP,2025-02-28 18:14:00,102.76499938964844,2025-02-28 21:00:00,103.41,0.6450006103515591,0.6276461968397874
MDGL,,,,,,
MODG,2025-02-28 18:02:00,6.505000114440918,2025-02-28 21:00:00,6.53,0.02499988555908228,0.3843179879979285
FHN^C,,,,,,
GLAD,,,,,,
SSRM,,,,,,
OPHC,,,,,,
GIFI,,,,,,
KRNT,,,,,,
KIM^L,,,,,,
MVSTW,,,,,,
SEZL,,,,,,
SNEX,,,,,,
CYCN,,,,,,
SST,2025-02-28 14:33:00,0.550000011920929,2025-02-28 21:00:00,0.53,-0.02000001192092893,-3.6363657249891554
CHX,,,,,,
REBN,,,,,,
LNSR,,,,,,
KGEI,,,,,,
AQB,,,,,,
EXE,,,,,,
BBU,,,,,,
MTAL,2025-02-28 18:00:00,10.050000190734863,2025-02-28 21:00:00,10.07,0.019999809265137003,0.19900307348824636
FSM,,,,,,
UP,2025-02-28 17:16:00,1.1799999475479126,2025-02-28 18:47:00,1.1859999895095825,0.006000041961669922,0.5084781549472313
GLPI,2025-02-28 18:25:00,50.08000183105469,2025-02-28 21:00:00,50.15,0.06999816894531108,0.13977269645766088
SXT,,,,,,
CDTG,,,,,,
SRAD,2025-02-28 18:25:00,21.395000457763672,2025-02-28 20:02:00,21.6200008392334,0.22500038146972656,1.0516493416950592
BLD,,,,,,
RVMDW,,,,,,
PCG^E,,,,,,
AGFY,,,,,,
CODI^C,,,,,,
WM,2025-02-28 17:52:00,229.9550018310547,2025-02-28 21:00:00,232.7719,2.8168981689453005,1.2249779941794192
SGBX,,,,,,
WAI,,,,,,
FHN,2025-02-28 18:03:00,21.299999237060547,2025-02-28 20:13:00,21.454999923706055,0.1550006866455078,0.7277027802696686
AM,,,,,,
MCY,,,,,,
LNKB,,,,,,
MAC,,,,,,
AL,2025-02-28 18:09:00,47.029998779296875,2025-02-28 21:00:00,47.92,0.8900012207031267,1.8924117452771763
BKYI,,,,,,
KPLT,,,,,,
JACS,,,,,,
ORMP,,,,,,
CSAN,2025-02-28 16:59:00,4.829999923706055,2025-02-28 21:00:00,4.81,-0.01999992370605508,-0.41407710190415814
NHI,2025-02-28 15:34:00,70.80000305175781,2025-02-28 19:47:00,70.90499877929688,0.1049957275390625,0.14829904380414524
ARM,2025-02-28 18:09:00,129.36500549316406,2025-02-28 20:13:00,131.10000610351562,1.7350006103515625,1.3411668818297573
USA,,,,,,
IQ,,,,,,
SCE^M,,,,,,
PHG,2025-02-28 17:16:00,26.020000457763672,2025-02-28 21:00:00,26.03,0.009999542236329262,0.038430215451228655
HMST,,,,,,
UCB,,,,,,
SANW,,,,,,
RBB,,,,,,
ITIC,,,,,,
EQ,,,,,,
ICAD,2025-02-28 18:58:00,2.309999942779541,2025-02-28 21:00:00,2.41,0.10000005722045913,4.329006913313279
GTEC,2025-02-28 16:43:00,1.4600000381469727,2025-02-28 21:00:00,1.31,-0.1500000381469726,-10.273974947107
PFD,,,,,,
MFG,,,,,,
PWUPW,,,,,,
WIA,,,,,,
BOLT,,,,,,
AAMI,,,,,,
DORM,2025-02-28 18:29:00,127.06999969482422,2025-02-28 20:36:00,130.27000427246094,3.2000045776367188,2.518300610153429
EDR,2025-02-28 18:42:00,31.020000457763672,2025-02-28 21:00:00,32.59,1.5699995422363315,5.061249255537625
RAPT,2025-02-28 18:27:00,1.100000023841858,2025-02-28 21:00:00,1.14,0.03999997615814199,3.636361390105989
PEBK,,,,,,
BA^A,,,,,,
MTC,,,,,,
RGCO,,,,,,
FMBH,,,,,,
DSU,2025-02-28 17:19:00,10.630000114440918,2025-02-28 20:16:00,10.6850004196167,0.05500030517578125,0.5174064401096573
RILYL,,,,,,
SKWD,,,,,,
ABAT,,,,,,
AGL,2025-02-28 14:52:00,3.174999952316284,2025-02-28 18:37:00,3.115000009536743,-0.059999942779541016,-1.8897620056897564
TENB,2025-02-28 17:42:00,37.654998779296875,2025-02-28 21:00:00,38.14,0.48500122070312557,1.2880128440471084
ENX,,,,,,
BMI,,,,,,
SPKLW,,,,,,
DHC,2025-02-28 18:03:00,2.7950000762939453,2025-02-28 21:00:00,2.84,0.044999923706054545,1.610015115481592
SBT,,,,,,
DYNX,,,,,,
AMPL,2025-02-28 18:01:00,12.319999694824219,2025-02-28 19:50:00,12.460000038146973,0.1400003433227539,1.1363664512229634
NAT,2025-02-28 15:43:00,2.434999942779541,2025-02-28 21:00:00,2.45,0.015000057220459162,0.6160187914968354
BLDEW,,,,,,
GOVX,,,,,,
LAZR,,,,,,
TKNO,,,,,,
PFL,,,,,,
